time,pm2_5,pm10,carbon_monoxide,nitrogen_dioxide,sulphur_dioxide,ozone,temperature_2m,relative_humidity_2m,surface_pressure,wind_speed_10m,precipitation
2026-08-19T00:00,14.9,28.9,174.0,8.5,4.6,38.0,27.0,81,1002.7,13.5,0.0
2026-08-19T01:00,14.0,27.9,142.0,7.0,4.2,38.0,26.8,82,1002.5,12.8,0.0
2026-08-19T02:00,13.2,26.1,119.0,5.8,3.9,39.0,26.7,82,1002.0,13.2,0.0
2026-08-19T03:00,12.6,25.1,108.0,5.1,3.9,39.0,26.7,83,1001.8,13.0,0.0
2026-08-19T04:00,12.0,23.5,106.0,4.8,4.0,39.0,26.6,84,1001.6,13.2,0.0
2026-08-19T05:00,12.9,25.5,119.0,4.7,4.2,42.0,26.7,86,1001.6,13.6,0.0
2026-08-19T06:00,12.3,23.3,163.0,6.1,4.5,41.0,26.6,84,1001.6,12.6,0.0
2026-08-19T07:00,12.7,22.8,222.0,8.1,4.8,40.0,27.0,81,1002.1,11.7,0.0
2026-08-19T08:00,15.1,28.3,258.0,9.0,5.0,41.0,28.2,75,1002.4,17.4,0.0
2026-08-19T09:00,16.8,32.9,246.0,8.0,5.0,46.0,29.3,69,1002.9,16.9,0.0
2026-08-19T10:00,16.2,32.0,210.0,5.9,4.8,53.0,30.6,63,1003.0,16.9,0.0
2026-08-19T11:00,16.1,32.6,183.0,4.3,4.6,59.0,30.9,61,1002.9,18.8,0.0
2026-08-19T12:00,16.4,33.9,178.0,3.5,4.5,62.0,31.6,58,1002.7,18.1,0.0
2026-08-19T13:00,16.6,34.1,183.0,3.2,4.4,64.0,31.8,58,1002.5,18.3,0.0
2026-08-19T14:00,16.9,34.6,191.0,3.4,4.3,64.0,31.1,61,1001.9,18.8,0.0
2026-08-19T15:00,16.9,33.5,206.0,4.2,4.2,60.0,31.4,60,1001.3,19.5,0.0
2026-08-19T16:00,17.2,33.2,225.0,5.6,4.1,53.0,30.2,66,1000.7,20.0,0.0
2026-08-19T17:00,17.8,33.9,236.0,7.2,4.1,47.0,29.6,69,1000.7,18.8,0.1
2026-08-19T18:00,18.4,33.9,234.0,9.3,4.3,42.0,28.8,74,1001.0,18.8,0.2
2026-08-19T19:00,18.7,33.1,224.0,11.6,4.5,39.0,27.6,81,1001.7,16.8,0.1
2026-08-19T20:00,18.5,30.9,214.0,12.9,4.7,36.0,27.5,83,1002.6,16.1,0.3
2026-08-19T21:00,13.9,23.7,206.0,12.4,4.7,35.0,27.3,84,1003.3,15.5,0.3
2026-08-19T22:00,12.5,20.8,197.0,10.9,4.6,36.0,27.0,86,1003.4,15.5,0.1
2026-08-19T23:00,11.7,19.6,184.0,9.3,4.5,37.0,26.9,87,1003.8,13.2,0.0
2026-08-20T00:00,11.6,19.7,162.0,8.0,4.3,37.0,26.7,87,1003.5,12.2,0.0
2026-08-20T01:00,10.8,18.7,135.0,6.6,4.0,38.0,26.5,87,1002.9,13.8,0.0
2026-08-20T02:00,10.8,19.7,117.0,5.6,3.8,38.0,26.6,86,1002.3,13.7,0.0
2026-08-20T03:00,10.9,20.7,108.0,5.0,3.8,38.0,26.5,87,1001.5,14.2,0.0
2026-08-20T04:00,10.8,21.5,107.0,4.7,4.0,39.0,26.3,88,1001.3,12.7,0.0
2026-08-20T05:00,10.9,22.3,121.0,5.0,4.2,39.0,26.3,88,1001.3,11.9,0.0
2026-08-20T06:00,11.1,23.1,165.0,6.4,4.5,38.0,26.3,87,1001.9,11.0,0.0
2026-08-20T07:00,12.2,25.4,223.0,8.2,4.9,37.0,26.7,85,1002.5,10.3,0.0
2026-08-20T08:00,15.0,35.0,258.0,9.1,5.2,38.0,27.8,78,1002.6,16.0,0.0
2026-08-20T09:00,17.6,44.6,246.0,7.9,5.2,45.0,28.8,73,1002.5,16.9,0.1
2026-08-20T10:00,18.5,48.1,212.0,5.7,5.0,54.0,30.1,67,1002.6,16.9,0.0
2026-08-20T11:00,19.4,51.7,187.0,4.0,4.8,61.0,30.4,65,1002.5,16.3,0.0
2026-08-20T12:00,20.2,53.3,185.0,3.5,4.7,64.0,30.8,63,1002.3,15.6,0.0
2026-08-20T13:00,19.6,51.7,194.0,3.6,4.6,64.0,31.0,62,1001.8,14.4,0.0
2026-08-20T14:00,19.7,51.3,206.0,4.0,4.6,63.0,30.9,63,1001.1,15.0,0.0
2026-08-20T15:00,20.1,50.2,224.0,4.8,4.6,60.0,30.4,65,1000.6,15.9,0.0
2026-08-20T16:00,20.2,51.2,247.0,6.0,4.7,55.0,29.9,67,1000.4,15.8,0.0
2026-08-20T17:00,20.0,49.9,260.0,7.3,4.7,50.0,29.1,71,1000.5,16.6,0.1
2026-08-20T18:00,20.1,48.8,257.0,8.8,4.7,46.0,28.5,73,1000.8,16.4,0.1
2026-08-20T19:00,21.1,51.2,245.0,10.4,4.7,42.0,27.9,77,1001.0,16.3,0.1
2026-08-20T20:00,22.5,53.9,234.0,11.4,4.7,40.0,27.4,80,1001.5,15.0,0.1
2026-08-20T21:00,22.8,55.3,228.0,11.3,4.7,39.0,27.2,82,1002.1,13.4,0.1
2026-08-20T22:00,19.8,50.5,222.0,10.6,4.8,39.0,27.1,83,1002.8,12.1,0.0
2026-08-20T23:00,18.2,46.3,210.0,9.6,4.7,40.0,27.0,84,1002.8,11.4,0.0
2026-08-21T00:00,17.5,45.2,184.0,8.4,4.5,41.0,26.9,84,1002.5,11.4,0.0
2026-08-21T01:00,18.3,49.1,153.0,6.9,4.2,41.0,26.8,84,1002.0,12.1,0.0
2026-08-21T02:00,17.5,46.0,129.0,5.8,4.0,42.0,26.6,85,1001.5,11.8,0.0
2026-08-21T03:00,18.0,49.0,116.0,5.1,3.9,42.0,26.6,85,1001.0,12.7,0.0
2026-08-21T04:00,17.6,47.6,111.0,4.7,4.0,42.0,26.5,86,1000.6,13.8,0.0
2026-08-21T05:00,16.5,44.6,122.0,5.0,4.1,42.0,26.4,86,1000.5,13.5,0.0
2026-08-21T06:00,16.2,43.5,167.0,6.6,4.4,41.0,26.4,85,1000.8,13.0,0.0
2026-08-21T07:00,18.5,51.7,228.0,8.8,4.8,39.0,26.7,84,1001.3,12.3,0.0
2026-08-21T08:00,19.5,56.2,264.0,9.9,5.1,40.0,28.0,77,1001.9,15.0,0.0
2026-08-21T09:00,22.5,67.5,250.0,8.7,5.1,45.0,29.3,70,1002.1,14.8,0.0
2026-08-21T10:00,23.7,74.5,212.0,6.4,4.9,52.0,30.4,64,1002.1,14.9,0.0
2026-08-21T11:00,25.1,83.4,184.0,4.6,4.7,58.0,30.6,63,1002.0,15.3,0.0
2026-08-21T12:00,26.1,86.8,180.0,3.7,4.6,63.0,31.1,61,1001.5,16.0,0.0
2026-08-21T13:00,26.8,88.0,188.0,3.2,4.5,68.0,31.1,61,1001.0,16.5,0.0
2026-08-21T14:00,26.7,87.8,199.0,3.3,4.5,69.0,31.2,61,1000.4,16.5,0.0
2026-08-21T15:00,26.0,85.4,218.0,4.0,4.5,65.0,30.7,63,999.8,16.9,0.0
2026-08-21T16:00,25.3,82.2,240.0,5.2,4.5,59.0,30.2,65,999.3,17.2,0.0
2026-08-21T17:00,24.6,78.0,254.0,6.6,4.5,53.0,29.3,69,999.2,17.4,0.0
2026-08-21T18:00,24.7,74.3,251.0,8.3,4.6,49.0,28.6,74,999.4,16.3,0.0
2026-08-21T19:00,24.9,71.5,238.0,10.1,4.7,45.0,27.8,77,999.8,16.0,0.1
2026-08-21T20:00,24.7,67.3,224.0,11.2,4.7,43.0,27.7,78,1000.5,15.5,0.1
2026-08-21T21:00,20.8,58.4,213.0,11.0,4.7,42.0,27.7,77,1001.0,15.3,0.2
2026-08-21T22:00,19.8,54.5,200.0,10.1,4.6,43.0,27.4,81,1001.5,14.7,0.1
2026-08-21T23:00,18.6,48.9,186.0,9.0,4.5,44.0,27.3,81,1001.4,14.2,0.0
2026-08-22T00:00,20.0,54.0,167.0,7.6,4.2,45.0,27.1,83,1001.3,13.7,0.0
2026-08-22T01:00,19.0,50.8,146.0,6.1,3.8,46.0,27.0,83,1000.6,13.0,0.0
2026-08-22T02:00,18.5,49.2,130.0,4.9,3.6,47.0,26.9,83,1000.0,14.1,0.0
2026-08-22T03:00,18.7,50.1,119.0,4.3,3.6,47.0,26.8,84,999.5,14.3,0.0
2026-08-22T04:00,18.6,49.9,114.0,4.1,3.8,47.0,26.7,84,999.4,14.4,0.0
2026-08-22T05:00,19.9,55.4,124.0,4.5,4.0,47.0,26.7,84,999.6,13.7,0.0
2026-08-22T06:00,19.0,53.2,164.0,6.1,4.2,46.0,26.8,83,1000.0,13.5,0.0
2026-08-22T07:00,19.8,57.9,219.0,8.3,4.4,44.0,27.1,82,1000.4,14.5,0.0
2026-08-22T08:00,22.6,70.8,252.0,9.3,4.5,45.0,28.1,76,1001.0,17.0,0.0
2026-08-22T09:00,26.1,82.4,241.0,8.1,4.5,50.0,29.3,70,1001.5,18.3,0.0
2026-08-22T10:00,26.9,89.9,209.0,5.8,4.5,57.0,30.3,66,1001.7,17.8,0.0
2026-08-22T11:00,27.8,92.0,185.0,4.0,4.4,63.0,31.1,61,1001.5,17.5,0.0
2026-08-22T12:00,30.0,99.4,180.0,3.2,4.3,67.0,31.4,60,1001.2,17.8,0.0
2026-08-22T13:00,27.8,90.3,183.0,2.9,4.3,70.0,31.7,60,1000.6,17.6,0.0
2026-08-22T14:00,27.3,88.5,193.0,3.1,4.2,71.0,31.7,60,999.8,17.6,0.0
2026-08-22T15:00,26.9,86.1,213.0,3.8,4.2,68.0,30.9,64,999.2,17.5,0.0
2026-08-22T16:00,26.5,82.0,239.0,5.0,4.2,62.0,30.5,66,998.6,17.1,0.0
2026-08-22T17:00,25.1,72.9,256.0,6.5,4.2,56.0,29.8,68,998.2,16.7,0.0
2026-08-22T18:00,24.2,65.9,258.0,8.7,4.4,51.0,29.0,72,998.0,16.7,0.0
2026-08-22T19:00,22.6,56.0,252.0,11.2,4.6,47.0,28.3,74,998.3,15.5,0.0
2026-08-22T20:00,21.4,51.1,242.0,12.7,4.7,44.0,27.9,77,999.2,14.8,0.1
2026-08-22T21:00,17.9,42.1,230.0,12.5,4.7,44.0,27.4,82,999.8,13.7,0.0
2026-08-22T22:00,17.5,39.1,216.0,11.2,4.7,45.0,27.3,83,1000.3,12.2,0.0
2026-08-22T23:00,16.9,38.1,199.0,9.8,4.6,46.0,27.2,84,1000.5,11.9,0.0
2026-08-23T00:00,16.4,37.0,178.0,8.3,4.3,47.0,27.1,84,1000.2,10.6,0.0
2026-08-23T01:00,16.4,38.4,155.0,6.6,3.9,49.0,26.9,85,999.5,11.0,0.0
2026-08-23T02:00,16.7,41.1,138.0,5.4,3.7,50.0,26.7,86,998.8,10.9,0.0
2026-08-23T03:00,17.2,43.9,128.0,4.8,3.7,51.0,26.6,87,998.3,11.5,0.0
2026-08-23T04:00,17.4,44.7,124.0,4.6,3.7,51.0,26.7,86,998.4,12.4,0.0
2026-08-23T05:00,17.6,45.5,131.0,4.7,3.9,51.0,26.7,86,998.6,11.8,0.0
2026-08-23T06:00,20.2,54.2,158.0,5.5,4.2,51.0,27.0,84,999.1,12.6,0.0
2026-08-23T07:00,20.1,52.7,194.0,6.8,4.5,50.0,27.5,82,999.8,13.7,0.0
2026-08-23T08:00,21.1,59.8,217.0,7.3,4.8,51.0,28.2,78,1000.4,14.3,0.0
2026-08-23T09:00,25.1,70.5,211.0,6.5,4.9,55.0,29.3,72,1000.9,14.2,0.0
2026-08-23T10:00,26.1,74.3,190.0,5.0,5.0,60.0,30.5,66,1001.2,13.8,0.0
2026-08-23T11:00,28.7,92.9,174.0,3.8,5.0,65.0,31.5,61,1001.4,13.2,0.0
2026-08-23T12:00,31.7,109.9,168.0,3.1,5.0,71.0,32.1,59,1001.0,12.5,0.0
2026-08-23T13:00,33.5,117.1,166.0,2.7,5.0,76.0,32.5,57,1000.4,12.0,0.0
2026-08-23T14:00,35.0,125.7,169.0,2.7,5.0,79.0,32.6,57,999.8,12.0,0.0
2026-08-23T15:00,36.4,132.2,180.0,3.3,5.1,77.0,32.0,59,999.4,12.4,0.0
2026-08-23T16:00,34.0,116.2,195.0,4.3,5.3,72.0,31.1,63,999.0,13.1,0.0
2026-08-23T17:00,33.1,111.3,206.0,5.5,5.4,67.0,30.2,67,998.8,13.4,0.0
2026-08-23T18:00,37.7,130.4,209.0,7.2,5.5,61.0,29.4,71,999.0,13.1,0.0
2026-08-23T19:00,28.9,86.6,207.0,9.1,5.7,55.0,28.6,75,999.5,12.2,0.0
2026-08-23T20:00,23.0,63.8,205.0,10.6,5.8,50.0,28.0,78,1000.0,11.4,0.0
2026-08-23T21:00,22.3,57.9,206.0,11.6,6.0,47.0,27.7,81,1000.6,10.4,0.0
2026-08-23T22:00,20.5,49.9,206.0,12.2,6.3,45.0,27.5,82,1001.2,9.3,0.0
2026-08-23T23:00,20.4,48.2,201.0,12.4,6.4,44.0,27.3,84,1001.5,8.2,0.0
